"","id.exposure","chr.exposure","pos.exposure","SNP","effect_allele.exposure","other_allele.exposure","eaf.exposure","beta.exposure","se.exposure","pval.exposure","samplesize.exposure","exposure","mr_keep.exposure","pval_origin.exposure","data_source.exposure"
"1","ieu-a-2","16",53803574,"rs1558902","A","T",0.45,0.0809,0.003,1.1298e-156,336974,"Body mass index || id:ieu-a-2",TRUE,"reported","igd"
"2","ieu-a-2","18",57838401,"rs663129","A","G",0.2833,0.0549,0.0034,3.0297e-57,332575,"Body mass index || id:ieu-a-2",TRUE,"reported","igd"
"3","ieu-a-2","2",632348,"rs13021737","G","A",0.875,0.0604,0.0039,5.43876e-54,333169,"Body mass index || id:ieu-a-2",TRUE,"reported","igd"
"4","ieu-a-2","4",45182527,"rs10938397","G","A",0.4333,0.0399,0.003,1.4171e-40,337092,"Body mass index || id:ieu-a-2",TRUE,"reported","igd"
"5","ieu-a-2","1",177889480,"rs543874","G","A",0.2667,0.0497,0.0037,2.28718e-40,339078,"Body mass index || id:ieu-a-2",TRUE,"reported","igd"
"6","ieu-a-2","6",50865820,"rs943005","T","C",0.1,0.0444,0.0038,4.52376e-31,339197,"Body mass index || id:ieu-a-2",TRUE,"reported","igd"
"7","ieu-a-2","11",27728539,"rs2030323","C","A",0.7833,0.0408,0.0036,2.09411e-29,338843,"Body mass index || id:ieu-a-2",TRUE,"reported","igd"
"8","ieu-a-2","1",72837239,"rs7531118","C","T",0.6083,0.0331,0.003,1.88018e-28,338123,"Body mass index || id:ieu-a-2",TRUE,"reported","igd"
"9","ieu-a-2","12",50247468,"rs7138803","A","G",0.4417,0.032,0.003,5.11446e-26,339162,"Body mass index || id:ieu-a-2",TRUE,"reported","igd"
"10","ieu-a-2","2",25150296,"rs10182181","G","A",0.5,0.0309,0.0029,8.07049e-26,338829,"Body mass index || id:ieu-a-2",TRUE,"reported","igd"
"11","ieu-a-2","16",28889486,"rs3888190","A","C",0.3583,0.0311,0.003,3.45382e-25,338077,"Body mass index || id:ieu-a-2",TRUE,"reported","igd"
"12","ieu-a-2","3",185824004,"rs1516725","C","T",0.9083,0.0448,0.0044,1.39412e-24,337708,"Body mass index || id:ieu-a-2",TRUE,"reported","igd"
"13","ieu-a-2","19",46180184,"rs11672660","T","C",0.175,-0.0339,0.0038,7.91043e-19,312079,"Body mass index || id:ieu-a-2",TRUE,"reported","igd"
"14","ieu-a-2","15",68104367,"rs13329567","T","C",0.2167,-0.0307,0.0035,1.52616e-18,338200,"Body mass index || id:ieu-a-2",TRUE,"reported","igd"
"15","ieu-a-2","11",47529947,"rs7124681","A","C",0.45,0.0252,0.0029,1.17193e-17,339048,"Body mass index || id:ieu-a-2",TRUE,"reported","igd"
"16","ieu-a-2","5",75015242,"rs2112347","G","T",0.375,-0.0254,0.003,1.9602e-17,339082,"Body mass index || id:ieu-a-2",TRUE,"reported","igd"
"17","ieu-a-2","14",79940383,"rs7144011","T","G",0.275,0.0274,0.0035,6.04505e-15,338347,"Body mass index || id:ieu-a-2",TRUE,"reported","igd"
"18","ieu-a-2","3",85807590,"rs13078960","G","T",0.1833,0.029,0.0038,1.42298e-14,339205,"Body mass index || id:ieu-a-2",TRUE,"reported","igd"
"19","ieu-a-2","9",28414339,"rs10968576","G","A",0.2917,0.0247,0.0032,2.33776e-14,339128,"Body mass index || id:ieu-a-2",TRUE,"reported","igd"
"20","ieu-a-2","1",110082886,"rs7550711","T","C",0.0339,0.0659,0.0087,5.05941e-14,313621,"Body mass index || id:ieu-a-2",TRUE,"reported","igd"
"21","ieu-a-2","1",96924097,"rs11165643","T","C",0.575,0.0221,0.003,1.43384e-13,337797,"Body mass index || id:ieu-a-2",TRUE,"reported","igd"
"22","ieu-a-2","18",58049656,"rs17066856","C","T",0.1333,-0.0371,0.005,2.00309e-13,336765,"Body mass index || id:ieu-a-2",TRUE,"reported","igd"
"23","ieu-a-2","1",49589847,"rs657452","G","A",0.5833,-0.0227,0.0031,2.12324e-13,318585,"Body mass index || id:ieu-a-2",TRUE,"reported","igd"
"24","ieu-a-2","13",54102206,"rs12429545","A","G",0.1,0.0324,0.0044,3.1521e-13,330001,"Body mass index || id:ieu-a-2",TRUE,"reported","igd"
"25","ieu-a-2","11",115022404,"rs12286929","G","A",0.4333,0.0211,0.0029,5.44252e-13,337453,"Body mass index || id:ieu-a-2",TRUE,"reported","igd"
"26","ieu-a-2","4",103188709,"rs13107325","T","C",0.1167,0.0472,0.0066,1.0639e-12,335619,"Body mass index || id:ieu-a-2",TRUE,"reported","igd"
"27","ieu-a-2","10",114758349,"rs7903146","T","C",0.25,-0.0235,0.0033,1.10306e-12,339198,"Body mass index || id:ieu-a-2",TRUE,"reported","igd"
"28","ieu-a-2","2",59305625,"rs1016287","C","T",0.675,-0.0228,0.0033,4.35512e-12,339033,"Body mass index || id:ieu-a-2",TRUE,"reported","igd"
"29","ieu-a-2","11",8669437,"rs10840100","G","A",0.725,0.0206,0.003,6.66653e-12,339135,"Body mass index || id:ieu-a-2",TRUE,"reported","igd"
"30","ieu-a-2","14",25928179,"rs10132280","A","C",0.3333,-0.0221,0.0033,1.40088e-11,338856,"Body mass index || id:ieu-a-2",TRUE,"reported","igd"
"31","ieu-a-2","8",76636191,"rs2588785","A","G",0.3167,-0.0225,0.0033,1.685e-11,339150,"Body mass index || id:ieu-a-2",TRUE,"reported","igd"
"32","ieu-a-2","10",102395440,"rs17094222","C","T",0.2083,0.0249,0.0037,2.18625e-11,338823,"Body mass index || id:ieu-a-2",TRUE,"reported","igd"
"33","ieu-a-2","16",3599655,"rs12448257","A","G",0.225,0.0246,0.0037,3.89762e-11,330330,"Body mass index || id:ieu-a-2",TRUE,"reported","igd"
"34","ieu-a-2","1",78048331,"rs17381664","C","T",0.425,0.0201,0.0031,4.56773e-11,339065,"Body mass index || id:ieu-a-2",TRUE,"reported","igd"
"35","ieu-a-2","2",213413231,"rs7599312","A","G",0.2917,-0.0214,0.0033,4.73042e-11,338186,"Body mass index || id:ieu-a-2",TRUE,"reported","igd"
"36","ieu-a-2","16",19941968,"rs9926784","C","T",0.2083,-0.0249,0.0038,8.5487e-11,333191,"Body mass index || id:ieu-a-2",TRUE,"reported","igd"
"37","ieu-a-2","3",61236462,"rs2365389","T","C",0.3417,-0.0195,0.003,1.34602e-10,331668,"Body mass index || id:ieu-a-2",TRUE,"reported","igd"
"38","ieu-a-2","13",28017270,"rs9579083","C","G",0.2333,0.0295,0.0046,1.426e-10,235969,"Body mass index || id:ieu-a-2",TRUE,"reported","igd"
"39","ieu-a-2","3",141275436,"rs16851483","T","G",0.0917,0.0478,0.0075,1.84999e-10,236091,"Body mass index || id:ieu-a-2",TRUE,"reported","igd"
"40","ieu-a-2","7",75163169,"rs1167827","G","A",0.5417,0.02,0.0031,1.97501e-10,323308,"Body mass index || id:ieu-a-2",TRUE,"reported","igd"
"41","ieu-a-2","9",129460914,"rs10733682","G","A",0.575,-0.0188,0.003,2.45499e-10,336886,"Body mass index || id:ieu-a-2",TRUE,"reported","igd"
"42","ieu-a-2","6",34563164,"rs205262","G","A",0.2667,0.021,0.0033,2.70402e-10,331710,"Body mass index || id:ieu-a-2",TRUE,"reported","igd"
"43","ieu-a-2","17",78611724,"rs12939549","G","A",0.4583,-0.0183,0.0029,3.91895e-10,338448,"Body mass index || id:ieu-a-2",TRUE,"reported","igd"
"44","ieu-a-2","16",4015729,"rs879620","T","C",0.5917,0.0244,0.0039,3.93904e-10,235997,"Body mass index || id:ieu-a-2",TRUE,"reported","igd"
"45","ieu-a-2","9",120378483,"rs1928295","C","T",0.425,-0.0182,0.0029,4.31797e-10,337265,"Body mass index || id:ieu-a-2",TRUE,"reported","igd"
"46","ieu-a-2","1",201790826,"rs1032524","C","T",0.5083,0.0182,0.0029,5.63599e-10,333818,"Body mass index || id:ieu-a-2",TRUE,"reported","igd"
"47","ieu-a-2","16",31011183,"rs4889606","G","A",0.3583,-0.0187,0.003,6.58006e-10,338949,"Body mass index || id:ieu-a-2",TRUE,"reported","igd"
"48","ieu-a-2","3",25106437,"rs6804842","G","A",0.575,0.0183,0.003,8.01604e-10,338525,"Body mass index || id:ieu-a-2",TRUE,"reported","igd"
"49","ieu-a-2","6",163033350,"rs13191362","G","A",0.2,-0.0285,0.0047,1.09199e-09,338058,"Body mass index || id:ieu-a-2",TRUE,"reported","igd"
"50","ieu-a-2","13",66205704,"rs9540493","G","A",0.55,-0.0182,0.0031,3.95203e-09,336023,"Body mass index || id:ieu-a-2",TRUE,"reported","igd"
"51","ieu-a-2","2",181550962,"rs1528435","T","C",0.5833,0.0175,0.003,4.77397e-09,338993,"Body mass index || id:ieu-a-2",TRUE,"reported","igd"
"52","ieu-a-2","4",77129568,"rs17001654","G","C",0.1583,0.0304,0.0052,5.03095e-09,235884,"Body mass index || id:ieu-a-2",TRUE,"reported","igd"
"53","ieu-a-2","4",145659064,"rs11727676","C","T",0.075,-0.0365,0.0063,6.24698e-09,311073,"Body mass index || id:ieu-a-2",TRUE,"reported","igd"
"54","ieu-a-2","9",15634326,"rs4740619","C","T",0.4667,-0.017,0.0029,6.35594e-09,338930,"Body mass index || id:ieu-a-2",TRUE,"reported","igd"
"55","ieu-a-2","6",120185665,"rs9374842","T","C",0.7417,0.0196,0.0034,7.19797e-09,339068,"Body mass index || id:ieu-a-2",TRUE,"reported","igd"
"56","ieu-a-2","19",18454825,"rs17724992","G","A",0.3083,-0.0196,0.0034,7.787e-09,334494,"Body mass index || id:ieu-a-2",TRUE,"reported","igd"
"57","ieu-a-2","5",153537893,"rs7715256","T","G",0.55,-0.0168,0.0029,8.85095e-09,339153,"Body mass index || id:ieu-a-2",TRUE,"reported","igd"
"58","ieu-a-2","2",58975143,"rs12986742","C","T",0.5,0.0207,0.0036,8.92401e-09,235995,"Body mass index || id:ieu-a-2",TRUE,"reported","igd"
"59","ieu-a-2","12",122781897,"rs11057405","A","G",0.0917,-0.0304,0.0053,1.22e-08,328905,"Body mass index || id:ieu-a-2",TRUE,"reported","igd"
"60","ieu-a-2","2",142959931,"rs2890652","C","T",0.125,0.0279,0.0049,1.242e-08,218359,"Body mass index || id:ieu-a-2",TRUE,"reported","igd"
"61","ieu-a-2","10",87410904,"rs7899106","G","A",0.05,0.0379,0.0067,1.269e-08,338835,"Body mass index || id:ieu-a-2",TRUE,"reported","igd"
"62","ieu-a-2","19",47602577,"rs9304665","A","T",0.7,0.0243,0.0043,1.59401e-08,234806,"Body mass index || id:ieu-a-2",TRUE,"reported","igd"
"63","ieu-a-2","21",40291740,"rs2836754","C","T",0.65,0.0169,0.003,1.60498e-08,337300,"Body mass index || id:ieu-a-2",TRUE,"reported","igd"
"64","ieu-a-2","18",21087531,"rs891389","T","C",0.325,0.0209,0.0037,1.617e-08,236115,"Body mass index || id:ieu-a-2",TRUE,"reported","igd"
"65","ieu-a-2","9",111932342,"rs6477694","T","C",0.6417,-0.0169,0.003,1.70498e-08,339115,"Body mass index || id:ieu-a-2",TRUE,"reported","igd"
"66","ieu-a-2","19",34304903,"rs14810","G","C",0.675,0.0183,0.0033,1.923e-08,338718,"Body mass index || id:ieu-a-2",TRUE,"reported","igd"
"67","ieu-a-2","3",81792112,"rs3849570","A","C",0.3667,0.0183,0.0033,1.93299e-08,294030,"Body mass index || id:ieu-a-2",TRUE,"reported","igd"
"68","ieu-a-2","2",227034499,"rs6713510","A","G",0.4833,0.0164,0.0029,1.97401e-08,339118,"Body mass index || id:ieu-a-2",TRUE,"reported","igd"
"69","ieu-a-2","17",2005136,"rs9914578","G","C",0.1667,0.0201,0.0036,2.072e-08,338177,"Body mass index || id:ieu-a-2",TRUE,"reported","igd"
"70","ieu-a-2","20",51087862,"rs6091540","T","C",0.275,-0.0185,0.0033,2.13801e-08,339045,"Body mass index || id:ieu-a-2",TRUE,"reported","igd"
"71","ieu-a-2","1",47684677,"rs977747","G","T",0.5333,-0.0168,0.003,2.18198e-08,339152,"Body mass index || id:ieu-a-2",TRUE,"reported","igd"
"72","ieu-a-2","13",79580919,"rs1441264","A","G",0.55,0.0172,0.0031,2.95903e-08,326858,"Body mass index || id:ieu-a-2",TRUE,"reported","igd"
"73","ieu-a-2","2",208255518,"rs17203016","G","A",0.2,0.0211,0.0038,3.40596e-08,333383,"Body mass index || id:ieu-a-2",TRUE,"reported","igd"
"74","ieu-a-2","11",43864278,"rs2176598","C","T",0.8,-0.0185,0.0033,3.46897e-08,333918,"Body mass index || id:ieu-a-2",TRUE,"reported","igd"
"75","ieu-a-2","6",137675541,"rs13201877","G","A",0.0833,0.0236,0.0043,4.28499e-08,339026,"Body mass index || id:ieu-a-2",TRUE,"reported","igd"
"76","ieu-a-2","15",51748610,"rs3736485","G","A",0.575,-0.016,0.0029,4.52397e-08,338449,"Body mass index || id:ieu-a-2",TRUE,"reported","igd"
"77","ieu-a-2","6",108996963,"rs3800229","T","G",0.6917,0.0175,0.0032,4.95005e-08,339072,"Body mass index || id:ieu-a-2",TRUE,"reported","igd"
"78","ieu-a-2","2",164567689,"rs1460676","C","T",0.2167,0.0209,0.0038,4.97794e-08,339157,"Body mass index || id:ieu-a-2",TRUE,"reported","igd"
