"","SNP","exposure","id.exposure","effect_allele.exposure","other_allele.exposure","eaf.exposure","beta.exposure","se.exposure","pval.exposure"
"1","rs10132280","Body mass index || id:ieu-a-2","ieu-a-2","A","C",0.3333,-0.0221,0.0033,1.40088e-11
"2","rs1016287","Body mass index || id:ieu-a-2","ieu-a-2","C","T",0.675,-0.0228,0.0033,4.35512e-12
"3","rs10182181","Body mass index || id:ieu-a-2","ieu-a-2","G","A",0.5,0.0309,0.0029,8.07049e-26
"4","rs10195252","Body mass index || id:ieu-a-2","ieu-a-2","C","T",0.4417,0.0143,0.003,1.82898e-06
"5","rs1030431","Body mass index || id:ieu-a-2","ieu-a-2","G","A",0.65,-2e-04,0.0032,0.9466
"6","rs1032524","Body mass index || id:ieu-a-2","ieu-a-2","C","T",0.5083,0.0182,0.0029,5.63599e-10
"7","rs10733682","Body mass index || id:ieu-a-2","ieu-a-2","G","A",0.575,-0.0188,0.003,2.45499e-10
"8","rs10832962","Body mass index || id:ieu-a-2","ieu-a-2","T","C",0.675,9e-04,0.0033,0.787501
"9","rs10840100","Body mass index || id:ieu-a-2","ieu-a-2","G","A",0.725,0.0206,0.003,6.66653e-12
"10","rs10938397","Body mass index || id:ieu-a-2","ieu-a-2","G","A",0.4333,0.0399,0.003,1.4171e-40
"11","rs10947332","Body mass index || id:ieu-a-2","ieu-a-2","A","G",0.1083,-0.0115,0.0044,0.00941196
"12","rs10968576","Body mass index || id:ieu-a-2","ieu-a-2","G","A",0.2917,0.0247,0.0032,2.33776e-14
"13","rs11057405","Body mass index || id:ieu-a-2","ieu-a-2","A","G",0.0917,-0.0304,0.0053,1.22e-08
"14","rs11065987","Body mass index || id:ieu-a-2","ieu-a-2","G","A",0.3417,-0.0149,0.0031,1.012e-06
"15","rs11165643","Body mass index || id:ieu-a-2","ieu-a-2","T","C",0.575,0.0221,0.003,1.43384e-13
"16","rs11220462","Body mass index || id:ieu-a-2","ieu-a-2","A","G",0.1583,-0.0081,0.0045,0.0737395
"17","rs1129555","Body mass index || id:ieu-a-2","ieu-a-2","G","A",0.7,0.0096,0.0033,0.00369496
"18","rs11591147","Body mass index || id:ieu-a-2","ieu-a-2","T","G",NA,0.0091,0.018,0.614301
"19","rs1167827","Body mass index || id:ieu-a-2","ieu-a-2","G","A",0.5417,0.02,0.0031,1.97501e-10
"20","rs1169288","Body mass index || id:ieu-a-2","ieu-a-2","C","A",0.2833,-0.003,0.0033,0.3606
"21","rs11727676","Body mass index || id:ieu-a-2","ieu-a-2","C","T",0.075,-0.0365,0.0063,6.24698e-09
"22","rs11802413","Body mass index || id:ieu-a-2","ieu-a-2","T","C",0.5083,-5e-04,0.0029,0.853
"23","rs12429545","Body mass index || id:ieu-a-2","ieu-a-2","A","G",0.1,0.0324,0.0044,3.1521e-13
"24","rs12448257","Body mass index || id:ieu-a-2","ieu-a-2","A","G",0.225,0.0246,0.0037,3.89762e-11
"25","rs1250229","Body mass index || id:ieu-a-2","ieu-a-2","C","T",0.7583,0.0091,0.0035,0.00833604
"26","rs12670798","Body mass index || id:ieu-a-2","ieu-a-2","C","T",0.1833,-0.0046,0.0034,0.1775
"27","rs12740374","Body mass index || id:ieu-a-2","ieu-a-2","T","G",0.3017,0.0062,0.0035,0.0783809
"28","rs12748152","Body mass index || id:ieu-a-2","ieu-a-2","T","C",0.09167,-0.0065,0.0054,0.2277
"29","rs12939549","Body mass index || id:ieu-a-2","ieu-a-2","G","A",0.4583,-0.0183,0.0029,3.91895e-10
"30","rs12986742","Body mass index || id:ieu-a-2","ieu-a-2","C","T",0.5,0.0207,0.0036,8.92401e-09
"31","rs13021737","Body mass index || id:ieu-a-2","ieu-a-2","G","A",0.875,0.0604,0.0039,5.43876e-54
"32","rs13078960","Body mass index || id:ieu-a-2","ieu-a-2","G","T",0.1833,0.029,0.0038,1.42298e-14
"33","rs13107325","Body mass index || id:ieu-a-2","ieu-a-2","T","C",0.1167,0.0472,0.0066,1.0639e-12
"34","rs13201877","Body mass index || id:ieu-a-2","ieu-a-2","G","A",0.0833,0.0236,0.0043,4.28499e-08
"35","rs13329567","Body mass index || id:ieu-a-2","ieu-a-2","T","C",0.2167,-0.0307,0.0035,1.52616e-18
"36","rs1367117","Body mass index || id:ieu-a-2","ieu-a-2","A","G",0.2667,-0.0026,0.0033,0.434
"37","rs1441264","Body mass index || id:ieu-a-2","ieu-a-2","A","G",0.55,0.0172,0.0031,2.95903e-08
"38","rs14810","Body mass index || id:ieu-a-2","ieu-a-2","G","C",0.675,0.0183,0.0033,1.923e-08
"39","rs1516725","Body mass index || id:ieu-a-2","ieu-a-2","C","T",0.9083,0.0448,0.0044,1.39412e-24
"40","rs1528435","Body mass index || id:ieu-a-2","ieu-a-2","T","C",0.5833,0.0175,0.003,4.77397e-09
"41","rs1535","Body mass index || id:ieu-a-2","ieu-a-2","G","A",0.3667,0.0031,0.0032,0.3395
"43","rs1564348","Body mass index || id:ieu-a-2","ieu-a-2","C","T",0.2083,-0.0028,0.0041,0.4967
"44","rs16831243","Body mass index || id:ieu-a-2","ieu-a-2","T","C",0.05,-0.0128,0.0043,0.00280298
"45","rs16851483","Body mass index || id:ieu-a-2","ieu-a-2","T","G",0.0917,0.0478,0.0075,1.84999e-10
"47","rs17066856","Body mass index || id:ieu-a-2","ieu-a-2","C","T",0.1333,-0.0371,0.005,2.00309e-13
"48","rs17094222","Body mass index || id:ieu-a-2","ieu-a-2","C","T",0.2083,0.0249,0.0037,2.18625e-11
"49","rs17203016","Body mass index || id:ieu-a-2","ieu-a-2","G","A",0.2,0.0211,0.0038,3.40596e-08
"50","rs17381664","Body mass index || id:ieu-a-2","ieu-a-2","C","T",0.425,0.0201,0.0031,4.56773e-11
"51","rs17508045","Body mass index || id:ieu-a-2","ieu-a-2","C","T",0.0833,-5e-04,0.0054,0.9202
"52","rs1800961","Body mass index || id:ieu-a-2","ieu-a-2","T","C",0.05,-0.0015,0.0089,0.8679
"53","rs1801689","Body mass index || id:ieu-a-2","ieu-a-2","C","A",0.025,0.0069,0.0132,0.6026
"54","rs1883025","Body mass index || id:ieu-a-2","ieu-a-2","T","C",0.2,0.0079,0.0035,0.0257798
"55","rs1928295","Body mass index || id:ieu-a-2","ieu-a-2","C","T",0.425,-0.0182,0.0029,4.31797e-10
"56","rs2000999","Body mass index || id:ieu-a-2","ieu-a-2","A","G",0.2083,0.0091,0.0037,0.0138401
"57","rs2030323","Body mass index || id:ieu-a-2","ieu-a-2","C","A",0.7833,0.0408,0.0036,2.09411e-29
"58","rs205262","Body mass index || id:ieu-a-2","ieu-a-2","G","A",0.2667,0.021,0.0033,2.70402e-10
"59","rs2073547","Body mass index || id:ieu-a-2","ieu-a-2","G","A",0.25,-0.0021,0.0039,0.5841
"60","rs2176598","Body mass index || id:ieu-a-2","ieu-a-2","C","T",0.8,-0.0185,0.0033,3.46897e-08
"61","rs2228603","Body mass index || id:ieu-a-2","ieu-a-2","T","C",0.075,-0.0137,0.0057,0.01639
"62","rs2294261","Body mass index || id:ieu-a-2","ieu-a-2","C","A",0.5667,-0.007,0.003,0.0195398
"63","rs2328223","Body mass index || id:ieu-a-2","ieu-a-2","C","A",0.175,-0.0047,0.004,0.2414
"64","rs2365389","Body mass index || id:ieu-a-2","ieu-a-2","T","C",0.3417,-0.0195,0.003,1.34602e-10
"65","rs2587534","Body mass index || id:ieu-a-2","ieu-a-2","A","G",0.4828,0.0016,0.003,0.5956
"66","rs2588785","Body mass index || id:ieu-a-2","ieu-a-2","A","G",0.3167,-0.0225,0.0033,1.685e-11
"67","rs2642438","Body mass index || id:ieu-a-2","ieu-a-2","G","A",0.7167,-0.0046,0.0034,0.1727
"68","rs267733","Body mass index || id:ieu-a-2","ieu-a-2","G","A",0.1333,-2e-04,0.0043,0.9695
"69","rs2710642","Body mass index || id:ieu-a-2","ieu-a-2","A","G",0.6333,0.0093,0.0032,0.00336202
"70","rs2737252","Body mass index || id:ieu-a-2","ieu-a-2","A","G",0.275,-0.0107,0.0033,0.00117801
"71","rs2836754","Body mass index || id:ieu-a-2","ieu-a-2","C","T",0.65,0.0169,0.003,1.60498e-08
"72","rs2886232","Body mass index || id:ieu-a-2","ieu-a-2","C","T",0.8583,0.0066,0.0051,0.196
"74","rs314253","Body mass index || id:ieu-a-2","ieu-a-2","C","T",0.35,-9e-04,0.0031,0.7822
"75","rs364585","Body mass index || id:ieu-a-2","ieu-a-2","G","A",0.5917,0.0041,0.003,0.1813
"76","rs3736485","Body mass index || id:ieu-a-2","ieu-a-2","G","A",0.575,-0.016,0.0029,4.52397e-08
"77","rs3780181","Body mass index || id:ieu-a-2","ieu-a-2","G","A",0.05,-0.0047,0.0058,0.4161
"78","rs3849570","Body mass index || id:ieu-a-2","ieu-a-2","A","C",0.3667,0.0183,0.0033,1.93299e-08
"79","rs3888190","Body mass index || id:ieu-a-2","ieu-a-2","A","C",0.3583,0.0311,0.003,3.45382e-25
"80","rs4253776","Body mass index || id:ieu-a-2","ieu-a-2","G","A",0.15,0.01,0.0046,0.02979
"81","rs4530754","Body mass index || id:ieu-a-2","ieu-a-2","A","G",0.5667,-0.0023,0.0029,0.4405
"82","rs4740619","Body mass index || id:ieu-a-2","ieu-a-2","C","T",0.4667,-0.017,0.0029,6.35594e-09
"83","rs4889606","Body mass index || id:ieu-a-2","ieu-a-2","G","A",0.3583,-0.0187,0.003,6.58006e-10
"84","rs543874","Body mass index || id:ieu-a-2","ieu-a-2","G","A",0.2667,0.0497,0.0037,2.28718e-40
"85","rs5763662","Body mass index || id:ieu-a-2","ieu-a-2","T","C",0.025,-0.0021,0.0095,0.8248
"86","rs579459","Body mass index || id:ieu-a-2","ieu-a-2","C","T",0.2167,-9e-04,0.0036,0.8137
"87","rs6016373","Body mass index || id:ieu-a-2","ieu-a-2","G","A",0.3917,0.0019,0.003,0.5281
"88","rs6065311","Body mass index || id:ieu-a-2","ieu-a-2","C","T",0.4583,-0.0057,0.0029,0.0503501
"89","rs6091540","Body mass index || id:ieu-a-2","ieu-a-2","T","C",0.275,-0.0185,0.0033,2.13801e-08
"90","rs6511720","Body mass index || id:ieu-a-2","ieu-a-2","T","G",0.0917,0.0075,0.005,0.1336
"91","rs6544713","Body mass index || id:ieu-a-2","ieu-a-2","C","T",0.7417,0.0065,0.0033,0.0498001
"92","rs657452","Body mass index || id:ieu-a-2","ieu-a-2","G","A",0.5833,-0.0227,0.0031,2.12324e-13
"93","rs663129","Body mass index || id:ieu-a-2","ieu-a-2","A","G",0.2833,0.0549,0.0034,3.0297e-57
"94","rs6709904","Body mass index || id:ieu-a-2","ieu-a-2","G","A",0.1333,-0.0011,0.006,0.8545
"95","rs6713510","Body mass index || id:ieu-a-2","ieu-a-2","A","G",0.4833,0.0164,0.0029,1.97401e-08
"96","rs6804842","Body mass index || id:ieu-a-2","ieu-a-2","G","A",0.575,0.0183,0.003,8.01604e-10
"97","rs6818397","Body mass index || id:ieu-a-2","ieu-a-2","G","T",0.625,2e-04,0.0032,0.959
"98","rs6882076","Body mass index || id:ieu-a-2","ieu-a-2","C","T",0.6667,-0.0041,0.0031,0.1859
"99","rs6935921","Body mass index || id:ieu-a-2","ieu-a-2","T","C",0.725,0.0033,0.0033,0.3226
"100","rs7124681","Body mass index || id:ieu-a-2","ieu-a-2","A","C",0.45,0.0252,0.0029,1.17193e-17
"101","rs7138803","Body mass index || id:ieu-a-2","ieu-a-2","A","G",0.4417,0.032,0.003,5.11446e-26
"102","rs7144011","Body mass index || id:ieu-a-2","ieu-a-2","T","G",0.275,0.0274,0.0035,6.04505e-15
"103","rs7225700","Body mass index || id:ieu-a-2","ieu-a-2","C","T",0.5917,-0.0015,0.003,0.6308
"104","rs72902576","Body mass index || id:ieu-a-2","ieu-a-2","G","T",0.0167,0.0016,0.0086,0.8507
"105","rs7412","Body mass index || id:ieu-a-2","ieu-a-2","T","C",NA,0.0195,0.0092,0.0345398
"106","rs7531118","Body mass index || id:ieu-a-2","ieu-a-2","C","T",0.6083,0.0331,0.003,1.88018e-28
"107","rs7551981","Body mass index || id:ieu-a-2","ieu-a-2","T","G",0.6,-0.0033,0.003,0.2761
"108","rs7599312","Body mass index || id:ieu-a-2","ieu-a-2","A","G",0.2917,-0.0214,0.0033,4.73042e-11
"109","rs7703051","Body mass index || id:ieu-a-2","ieu-a-2","A","C",0.4167,-0.0171,0.003,9.49008e-09
"110","rs7715256","Body mass index || id:ieu-a-2","ieu-a-2","T","G",0.55,-0.0168,0.0029,8.85095e-09
"111","rs7832643","Body mass index || id:ieu-a-2","ieu-a-2","T","G",0.45,0.0014,0.003,0.6386
"112","rs7899106","Body mass index || id:ieu-a-2","ieu-a-2","G","A",0.05,0.0379,0.0067,1.269e-08
"113","rs8017377","Body mass index || id:ieu-a-2","ieu-a-2","A","G",0.4833,1e-04,0.0031,0.9748
"114","rs8103315","Body mass index || id:ieu-a-2","ieu-a-2","A","C",0.15,-0.0056,0.0048,0.2408
"115","rs868943","Body mass index || id:ieu-a-2","ieu-a-2","A","G",0.4,-2e-04,0.003,0.9349
"116","rs879620","Body mass index || id:ieu-a-2","ieu-a-2","T","C",0.5917,0.0244,0.0039,3.93904e-10
"117","rs891389","Body mass index || id:ieu-a-2","ieu-a-2","T","C",0.325,0.0209,0.0037,1.617e-08
"118","rs943005","Body mass index || id:ieu-a-2","ieu-a-2","T","C",0.1,0.0444,0.0038,4.52376e-31
"119","rs9534262","Body mass index || id:ieu-a-2","ieu-a-2","C","T",0.425,-0.0022,0.0029,0.461
"120","rs9540493","Body mass index || id:ieu-a-2","ieu-a-2","G","A",0.55,-0.0182,0.0031,3.95203e-09
"122","rs977747","Body mass index || id:ieu-a-2","ieu-a-2","G","T",0.5333,-0.0168,0.003,2.18198e-08
"123","rs9875338","Body mass index || id:ieu-a-2","ieu-a-2","A","G",0.3833,0.0053,0.003,0.0756293
"124","rs9914578","Body mass index || id:ieu-a-2","ieu-a-2","G","C",0.1667,0.0201,0.0036,2.072e-08
"125","rs9926784","Body mass index || id:ieu-a-2","ieu-a-2","C","T",0.2083,-0.0249,0.0038,8.5487e-11
"126","rs9987289","Body mass index || id:ieu-a-2","ieu-a-2","G","A",0.925,-0.0016,0.0051,0.759799
"121","rs10132280","LDL cholesterol || id:ieu-a-300","ieu-a-300","A","C",0.3206,0.0032,0.004,0.4782
"210","rs1016287","LDL cholesterol || id:ieu-a-300","ieu-a-300","C","T",0.7269,-0.002,0.004,0.8456
"310","rs10182181","LDL cholesterol || id:ieu-a-300","ieu-a-300","G","A",0.4565,0.0092,0.0037,0.0486497
"42","rs10195252","LDL cholesterol || id:ieu-a-300","ieu-a-300","C","T",0.4182,-0.0238,0.0039,3.81197e-08
"510","rs1030431","LDL cholesterol || id:ieu-a-300","ieu-a-300","G","A",0.6781,-0.0344,0.0038,5.9676e-17
"610","rs1032524","LDL cholesterol || id:ieu-a-300","ieu-a-300","C","T",0.5277,0.002,0.0037,0.4636
"73","rs10733682","LDL cholesterol || id:ieu-a-300","ieu-a-300","G","A",0.5132,5e-04,0.0037,0.8852
"810","rs10832962","LDL cholesterol || id:ieu-a-300","ieu-a-300","T","C",0.719,0.032,0.004,6.61912e-14
"910","rs10840100","LDL cholesterol || id:ieu-a-300","ieu-a-300","G","A",0.628,-0.0012,0.0038,0.699199
"1010","rs10938397","LDL cholesterol || id:ieu-a-300","ieu-a-300","G","A",0.4182,0.0079,0.0038,0.0492595
"1110","rs10947332","LDL cholesterol || id:ieu-a-300","ieu-a-300","A","G",0.1319,0.0504,0.0056,6.96947e-18
"127","rs10968576","LDL cholesterol || id:ieu-a-300","ieu-a-300","G","A",0.314,0.0031,0.0039,0.6375
"131","rs11057405","LDL cholesterol || id:ieu-a-300","ieu-a-300","A","G",0.09631,-0.0041,0.0066,0.8279
"141","rs11065987","LDL cholesterol || id:ieu-a-300","ieu-a-300","G","A",0.4222,-0.0269,0.0038,1.20393e-11
"151","rs11165643","LDL cholesterol || id:ieu-a-300","ieu-a-300","T","C",0.5805,0.0021,0.0037,0.5865
"161","rs11220462","LDL cholesterol || id:ieu-a-300","ieu-a-300","A","G",0.1425,0.059,0.0059,6.60846e-21
"171","rs1129555","LDL cholesterol || id:ieu-a-300","ieu-a-300","G","A",0.6768,-0.0303,0.004,1.53815e-13
"181","rs11591147","LDL cholesterol || id:ieu-a-300","ieu-a-300","T","G",0.01715,-0.497,0.018,8.57038e-143
"191","rs1167827","LDL cholesterol || id:ieu-a-300","ieu-a-300","G","A",0.5356,-0.0084,0.0038,0.0354103
"201","rs1169288","LDL cholesterol || id:ieu-a-300","ieu-a-300","C","A",0.3338,0.0375,0.004,6.44763e-21
"211","rs11727676","LDL cholesterol || id:ieu-a-300","ieu-a-300","C","T",0.08443,0.0154,0.0074,0.1009
"221","rs11802413","LDL cholesterol || id:ieu-a-300","ieu-a-300","T","C",0.5369,0.0323,0.0036,5.27959e-17
"231","rs12429545","LDL cholesterol || id:ieu-a-300","ieu-a-300","A","G",0.1201,-0.0039,0.0056,0.643501
"241","rs12448257","LDL cholesterol || id:ieu-a-300","ieu-a-300","A","G",0.2243,6e-04,0.0046,0.884
"251","rs1250229","LDL cholesterol || id:ieu-a-300","ieu-a-300","C","T",0.7889,0.0243,0.0042,3.12997e-08
"261","rs12670798","LDL cholesterol || id:ieu-a-300","ieu-a-300","C","T",0.2243,0.0344,0.0043,4.81172e-14
"271","rs12740374","LDL cholesterol || id:ieu-a-300","ieu-a-300","T","G",0.2124,-0.161,0.0044,1e-200
"281","rs12748152","LDL cholesterol || id:ieu-a-300","ieu-a-300","T","C",0.07124,0.0499,0.0066,3.20922e-12
"291","rs12939549","LDL cholesterol || id:ieu-a-300","ieu-a-300","G","A",0.4274,0.0013,0.0037,0.552901
"301","rs12986742","LDL cholesterol || id:ieu-a-300","ieu-a-300","C","T",0.4578,0.0071,0.0052,0.1097
"311","rs13021737","LDL cholesterol || id:ieu-a-300","ieu-a-300","G","A",0.8179,-0.0095,0.0048,0.0280802
"321","rs13078960","LDL cholesterol || id:ieu-a-300","ieu-a-300","G","T",0.1979,-0.0037,0.0046,0.5825
"331","rs13107325","LDL cholesterol || id:ieu-a-300","ieu-a-300","T","C",0.07784,-0.0156,0.0083,0.0573997
"341","rs13201877","LDL cholesterol || id:ieu-a-300","ieu-a-300","G","A",0.1385,7e-04,0.0054,0.9859
"351","rs13329567","LDL cholesterol || id:ieu-a-300","ieu-a-300","T","C",0.2309,-5e-04,0.0045,0.9431
"361","rs1367117","LDL cholesterol || id:ieu-a-300","ieu-a-300","A","G",0.2876,0.1186,0.004,9.48418e-183
"371","rs1441264","LDL cholesterol || id:ieu-a-300","ieu-a-300","A","G",0.6451,-3e-04,0.0038,0.9553
"381","rs14810","LDL cholesterol || id:ieu-a-300","ieu-a-300","G","C",0.6834,-0.0045,0.004,0.2861
"391","rs1516725","LDL cholesterol || id:ieu-a-300","ieu-a-300","C","T",0.8588,0.0027,0.0055,0.6329
"401","rs1528435","LDL cholesterol || id:ieu-a-300","ieu-a-300","T","C",0.5963,0.0059,0.0038,0.2906
"411","rs1535","LDL cholesterol || id:ieu-a-300","ieu-a-300","G","A",0.3628,-0.0529,0.0038,7.7732e-41
"431","rs1564348","LDL cholesterol || id:ieu-a-300","ieu-a-300","C","T",0.1451,0.0481,0.005,2.76185e-21
"441","rs16831243","LDL cholesterol || id:ieu-a-300","ieu-a-300","T","C",0.1807,0.0378,0.0055,9.06358e-12
"451","rs16851483","LDL cholesterol || id:ieu-a-300","ieu-a-300","T","G",0.06332,-0.0165,0.0109,0.145
"471","rs17066856","LDL cholesterol || id:ieu-a-300","ieu-a-300","C","T",0.08311,0.0046,0.0065,0.4429
"481","rs17094222","LDL cholesterol || id:ieu-a-300","ieu-a-300","C","T",0.1953,4e-04,0.0045,0.9341
"491","rs17203016","LDL cholesterol || id:ieu-a-300","ieu-a-300","G","A",0.2045,-0.003,0.0047,0.3757
"501","rs17381664","LDL cholesterol || id:ieu-a-300","ieu-a-300","C","T",0.3456,0.0096,0.0038,0.0132902
"511","rs17508045","LDL cholesterol || id:ieu-a-300","ieu-a-300","C","T",0.07256,-0.0488,0.0066,4.91021e-12
"521","rs1800961","LDL cholesterol || id:ieu-a-300","ieu-a-300","T","C",0.0343,-0.0685,0.0106,6.03407e-10
"531","rs1801689","LDL cholesterol || id:ieu-a-300","ieu-a-300","C","A",0.03694,0.1028,0.0139,9.80844e-12
"541","rs1883025","LDL cholesterol || id:ieu-a-300","ieu-a-300","T","C",0.2427,-0.0296,0.0044,6.14045e-11
"551","rs1928295","LDL cholesterol || id:ieu-a-300","ieu-a-300","C","T",0.4288,-5e-04,0.0037,0.944
"561","rs2000999","LDL cholesterol || id:ieu-a-300","ieu-a-300","A","G",0.1847,0.065,0.0046,4.21891e-41
"571","rs2030323","LDL cholesterol || id:ieu-a-300","ieu-a-300","C","A",0.7625,-0.0013,0.0045,0.680899
"581","rs205262","LDL cholesterol || id:ieu-a-300","ieu-a-300","G","A",0.2665,-0.0088,0.0041,0.0313199
"591","rs2073547","LDL cholesterol || id:ieu-a-300","ieu-a-300","G","A",0.1939,0.0485,0.0049,1.92309e-21
"601","rs2176598","LDL cholesterol || id:ieu-a-300","ieu-a-300","C","T",0.7454,-0.0022,0.0042,0.5583
"611","rs2228603","LDL cholesterol || id:ieu-a-300","ieu-a-300","T","C",0.07124,-0.104,0.0072,4.43302e-44
"621","rs2294261","LDL cholesterol || id:ieu-a-300","ieu-a-300","C","A",0.5132,-0.0333,0.0037,6.57052e-17
"631","rs2328223","LDL cholesterol || id:ieu-a-300","ieu-a-300","C","A",0.2493,0.0299,0.005,5.63197e-09
"641","rs2365389","LDL cholesterol || id:ieu-a-300","ieu-a-300","T","C",0.3984,-0.0033,0.0037,0.5225
"651","rs2587534","LDL cholesterol || id:ieu-a-300","ieu-a-300","A","G",0.5277,0.0391,0.0037,8.05564e-25
"661","rs2588785","LDL cholesterol || id:ieu-a-300","ieu-a-300","A","G",0.2797,-5e-04,0.0041,0.924
"671","rs2642438","LDL cholesterol || id:ieu-a-300","ieu-a-300","G","A",0.7454,0.0352,0.0042,7.31813e-16
"681","rs267733","LDL cholesterol || id:ieu-a-300","ieu-a-300","G","A",0.1372,-0.0331,0.0053,5.28506e-09
"691","rs2710642","LDL cholesterol || id:ieu-a-300","ieu-a-300","A","G",0.6187,0.0239,0.0038,6.08906e-09
"701","rs2737252","LDL cholesterol || id:ieu-a-300","ieu-a-300","A","G",0.2559,-0.0314,0.0041,7.03882e-14
"711","rs2836754","LDL cholesterol || id:ieu-a-300","ieu-a-300","C","T",0.6016,0.0031,0.0038,0.3283
"721","rs2886232","LDL cholesterol || id:ieu-a-300","ieu-a-300","C","T",0.8799,-0.0451,0.0064,3.87614e-11
"741","rs314253","LDL cholesterol || id:ieu-a-300","ieu-a-300","C","T",0.3351,-0.0242,0.0038,3.43598e-10
"751","rs364585","LDL cholesterol || id:ieu-a-300","ieu-a-300","G","A",0.6332,0.0249,0.0038,4.27799e-10
"761","rs3736485","LDL cholesterol || id:ieu-a-300","ieu-a-300","G","A",0.5422,-0.006,0.0037,0.1306
"771","rs3780181","LDL cholesterol || id:ieu-a-300","ieu-a-300","G","A",0.05277,-0.0445,0.0074,1.76401e-09
"781","rs3849570","LDL cholesterol || id:ieu-a-300","ieu-a-300","A","C",0.3259,0.0085,0.0042,0.0281598
"791","rs3888190","LDL cholesterol || id:ieu-a-300","ieu-a-300","A","C",0.3404,-0.0037,0.004,0.303
"801","rs4253776","LDL cholesterol || id:ieu-a-300","ieu-a-300","G","A",0.124,0.0311,0.0059,3.35297e-08
"811","rs4530754","LDL cholesterol || id:ieu-a-300","ieu-a-300","A","G",0.5818,0.0275,0.0036,3.57602e-12
"821","rs4740619","LDL cholesterol || id:ieu-a-300","ieu-a-300","C","T",0.4802,-0.0043,0.0037,0.193
"831","rs4889606","LDL cholesterol || id:ieu-a-300","ieu-a-300","G","A",0.3958,-0.0141,0.0037,0.000319102
"841","rs543874","LDL cholesterol || id:ieu-a-300","ieu-a-300","G","A",0.1953,-0.0098,0.0046,0.0683093
"851","rs5763662","LDL cholesterol || id:ieu-a-300","ieu-a-300","T","C",0.02507,0.0767,0.0121,1.191e-08
"861","rs579459","LDL cholesterol || id:ieu-a-300","ieu-a-300","C","T",0.215,0.0665,0.0045,2.4188e-44
"871","rs6016373","LDL cholesterol || id:ieu-a-300","ieu-a-300","G","A",0.3734,-0.0349,0.0037,7.94694e-19
"881","rs6065311","LDL cholesterol || id:ieu-a-300","ieu-a-300","C","T",0.4604,0.0417,0.0036,1.65615e-30
"891","rs6091540","LDL cholesterol || id:ieu-a-300","ieu-a-300","T","C",0.2731,-0.0055,0.0041,0.287
"901","rs6511720","LDL cholesterol || id:ieu-a-300","ieu-a-300","T","G",0.09763,-0.2209,0.0061,1e-200
"911","rs6544713","LDL cholesterol || id:ieu-a-300","ieu-a-300","C","T",0.7058,-0.0806,0.0041,4.84284e-83
"921","rs657452","LDL cholesterol || id:ieu-a-300","ieu-a-300","G","A",0.6293,-0.0023,0.004,0.6332
"931","rs663129","LDL cholesterol || id:ieu-a-300","ieu-a-300","A","G",0.2309,0.0019,0.0044,0.6106
"941","rs6709904","LDL cholesterol || id:ieu-a-300","ieu-a-300","G","A",0.1135,-0.055,0.0085,4.57699e-10
"951","rs6713510","LDL cholesterol || id:ieu-a-300","ieu-a-300","A","G",0.4881,-0.0053,0.0037,0.1731
"961","rs6804842","LDL cholesterol || id:ieu-a-300","ieu-a-300","G","A",0.566,-0.0061,0.0037,0.2177
"971","rs6818397","LDL cholesterol || id:ieu-a-300","ieu-a-300","G","T",0.5871,-0.0224,0.004,1.67699e-08
"981","rs6882076","LDL cholesterol || id:ieu-a-300","ieu-a-300","C","T",0.6662,0.0456,0.0038,3.30979e-31
"991","rs6935921","LDL cholesterol || id:ieu-a-300","ieu-a-300","T","C",0.7361,0.0298,0.0042,3.41822e-11
"1001","rs7124681","LDL cholesterol || id:ieu-a-300","ieu-a-300","A","C",0.4195,-0.0023,0.0037,0.4833
"1011","rs7138803","LDL cholesterol || id:ieu-a-300","ieu-a-300","A","G",0.343,-3e-04,0.0038,0.6775
"1021","rs7144011","LDL cholesterol || id:ieu-a-300","ieu-a-300","T","G",0.2216,-0.005,0.0044,0.4326
"1031","rs7225700","LDL cholesterol || id:ieu-a-300","ieu-a-300","C","T",0.6728,0.0297,0.0038,3.55795e-13
"1041","rs72902576","LDL cholesterol || id:ieu-a-300","ieu-a-300","G","T",0.03694,-0.0933,0.0133,9.57635e-12
"1051","rs7412","LDL cholesterol || id:ieu-a-300","ieu-a-300","T","C",0.06596,-0.5898,0.0101,1e-200
"1061","rs7531118","LDL cholesterol || id:ieu-a-300","ieu-a-300","C","T",0.5488,-0.0025,0.0037,0.707301
"1071","rs7551981","LDL cholesterol || id:ieu-a-300","ieu-a-300","T","G",0.595,0.0472,0.0038,1.36207e-33
"1081","rs7599312","LDL cholesterol || id:ieu-a-300","ieu-a-300","A","G",0.2639,0.0075,0.0041,0.1323
"1091","rs7703051","LDL cholesterol || id:ieu-a-300","ieu-a-300","A","C",0.4103,0.0727,0.0037,1.39991e-77
"1101","rs7715256","LDL cholesterol || id:ieu-a-300","ieu-a-300","T","G",0.566,3e-04,0.0037,0.7487
"1111","rs7832643","LDL cholesterol || id:ieu-a-300","ieu-a-300","T","G",0.405,0.0339,0.0038,2.67116e-17
"1121","rs7899106","LDL cholesterol || id:ieu-a-300","ieu-a-300","G","A",0.03958,-0.0055,0.0084,0.501
"1131","rs8017377","LDL cholesterol || id:ieu-a-300","ieu-a-300","A","G",0.4591,0.0303,0.0038,2.51594e-15
"1141","rs8103315","LDL cholesterol || id:ieu-a-300","ieu-a-300","A","C",0.1359,0.0558,0.0057,1.62293e-22
"1151","rs868943","LDL cholesterol || id:ieu-a-300","ieu-a-300","A","G",0.3945,-0.0264,0.0037,8.43918e-11
"1161","rs879620","LDL cholesterol || id:ieu-a-300","ieu-a-300","T","C",0.6174,-0.0063,0.0059,0.1314
"1171","rs891389","LDL cholesterol || id:ieu-a-300","ieu-a-300","T","C",0.3351,0.0089,0.0054,0.1175
"1181","rs943005","LDL cholesterol || id:ieu-a-300","ieu-a-300","T","C",0.1847,0.0101,0.005,0.1807
"1191","rs9534262","LDL cholesterol || id:ieu-a-300","ieu-a-300","C","T",0.5409,-0.0241,0.0036,4.44529e-11
"1201","rs9540493","LDL cholesterol || id:ieu-a-300","ieu-a-300","G","A",0.5303,-0.0023,0.0039,0.7863
"1221","rs977747","LDL cholesterol || id:ieu-a-300","ieu-a-300","G","T",0.6095,0.0023,0.0037,0.393
"1231","rs9875338","LDL cholesterol || id:ieu-a-300","ieu-a-300","A","G",0.3879,-0.027,0.0037,2.21004e-11
"1241","rs9914578","LDL cholesterol || id:ieu-a-300","ieu-a-300","G","C",0.2071,-0.0039,0.0044,0.3843
"1251","rs9926784","LDL cholesterol || id:ieu-a-300","ieu-a-300","C","T",0.1715,-0.0041,0.0049,0.4526
"1261","rs9987289","LDL cholesterol || id:ieu-a-300","ieu-a-300","G","A",0.9248,0.0714,0.0066,8.52904e-24
